{
	"@odata.context": "https://api.ischarges.abb.com/odata/integration/$metadata#ubc",
	"value": [
		{
			"id": 65475648,
			"reportingQuarter": "2024_Q4",
			"serviceQuarter": "2024_Q3",
			"serviceMonth": null,
			"invoiceType": "Credit",
			"serviceType": "Named Users",
			"abacusSource": null,
			"serviceName": "UBC_0090 - ASP: FIELD SERVICE PRJ",
			"serviceComments": "Description :  Development/enhancements to Field Service Lightning (9AAG026392) a Salesforce Application that supports efficient management of service technician teams operations.; Where to deactive account : MyIS: https://abb.service-now.com/myservices?id=sc_cat_item&sys_id=25317775dbf277c098282e8405961972",
			"applicationName": "Salesforce Field Service Lightning",
			"applicationIGARId": "9AAG026392",
			"linkedApplications": null,
			"region": "AMA",
			"country": "AU",
			"company": "AUABB",
			"normalizedCountry": "AU",
			"normalizedCompany": "AUABB",
			"organization": "ABB",
			"business": "IA",
			"businessLine": "IAPI",
			"productGroup": "4238",
			"siteName": "N/A",
			"invoiceInformation": "FACE Development/Enhancement",
			"email": "aaron.trueman@au.abb.com",
			"geid": "9D10219008",
			"accountType": "Normal",
			"costCenter": "AU90140230",
			"quantity": -1.0,
			"statutoryCharge": 0.0,
			"managementAllocation": 0.0,
			"credit": -136.5,
			"backbill": 0.0,
			"isActualLocked": true,
			"isCreditBackbillLocked": true,
			"modifiedDate": "2024-08-13T08:41:23.01+02:00"
		},
		{
			"id": 65475649,
			"reportingQuarter": "2024_Q4",
			"serviceQuarter": "2024_Q3",
			"serviceMonth": null,
			"invoiceType": "Credit",
			"serviceType": "Named Users",
			"abacusSource": null,
			"serviceName": "UBC_0090 - ASP: FIELD SERVICE PRJ",
			"serviceComments": "Description :  Development/enhancements to Field Service Lightning (9AAG026392) a Salesforce Application that supports efficient management of service technician teams operations.; Where to deactive account : MyIS: https://abb.service-now.com/myservices?id=sc_cat_item&sys_id=25317775dbf277c098282e8405961972",
			"applicationName": "Salesforce Field Service Lightning",
			"applicationIGARId": "9AAG026392",
			"linkedApplications": null,
			"region": "AMA",
			"country": "AU",
			"company": "AUABB",
			"normalizedCountry": "AU",
			"normalizedCompany": "AUABB",
			"organization": "ABB",
			"business": "IA",
			"businessLine": "IAPI",
			"productGroup": "4238",
			"siteName": "N/A",
			"invoiceInformation": "FACE Development/Enhancement",
			"email": "walter.pretorius@au.abb.com",
			"geid": "9D0139680",
			"accountType": "Normal",
			"costCenter": "AU90140211",
			"quantity": -1.0,
			"statutoryCharge": 0.0,
			"managementAllocation": 0.0,
			"credit": -136.5,
			"backbill": 0.0,
			"isActualLocked": true,
			"isCreditBackbillLocked": true,
			"modifiedDate": "2024-08-13T08:41:23.01+02:00"
		},
		{
			"id": 65475650,
			"reportingQuarter": "2024_Q4",
			"serviceQuarter": "2024_Q3",
			"serviceMonth": null,
			"invoiceType": "Credit",
			"serviceType": "Named Users",
			"abacusSource": null,
			"serviceName": "UBC_0184 - ASP: FIELD SERVICE OPS",
			"serviceComments": "Description :  Standard Field Service Lightning (9AAG026392) is a Salesforce Application that supports efficient management of service technician teams operations.; Where to deactivate account : MyIS: https://abb.service-now.com/myservices?id=sc_cat_item&sys_id=25317775dbf277c098282e8405961972\n\n",
			"applicationName": "Salesforce Field Service Lightning",
			"applicationIGARId": "9AAG026392",
			"linkedApplications": null,
			"region": "AMA",
			"country": "AU",
			"company": "AUABB",
			"normalizedCountry": "AU",
			"normalizedCompany": "AUABB",
			"organization": "ABB",
			"business": "IA",
			"businessLine": "IAPI",
			"productGroup": "4238",
			"siteName": "N/A",
			"invoiceInformation": "FACE Operations",
			"email": "aaron.trueman@au.abb.com",
			"geid": "9D10219008",
			"accountType": "Normal",
			"costCenter": "AU90140230",
			"quantity": -1.0,
			"statutoryCharge": 0.0,
			"managementAllocation": 0.0,
			"credit": -328.5,
			"backbill": 0.0,
			"isActualLocked": true,
			"isCreditBackbillLocked": true,
			"modifiedDate": "2024-08-13T08:41:23.01+02:00"
		},
		{
			"id": 65475651,
			"reportingQuarter": "2024_Q4",
			"serviceQuarter": "2024_Q3",
			"serviceMonth": null,
			"invoiceType": "Credit",
			"serviceType": "Named Users",
			"abacusSource": null,
			"serviceName": "UBC_0184 - ASP: FIELD SERVICE OPS",
			"serviceComments": "Description :  Standard Field Service Lightning (9AAG026392) is a Salesforce Application that supports efficient management of service technician teams operations.; Where to deactivate account : MyIS: https://abb.service-now.com/myservices?id=sc_cat_item&sys_id=25317775dbf277c098282e8405961972\n\n",
			"applicationName": "Salesforce Field Service Lightning",
			"applicationIGARId": "9AAG026392",
			"linkedApplications": null,
			"region": "AMA",
			"country": "AU",
			"company": "AUABB",
			"normalizedCountry": "AU",
			"normalizedCompany": "AUABB",
			"organization": "ABB",
			"business": "IA",
			"businessLine": "IAPI",
			"productGroup": "4238",
			"siteName": "N/A",
			"invoiceInformation": "FACE Operations",
			"email": "walter.pretorius@au.abb.com",
			"geid": "9D0139680",
			"accountType": "Normal",
			"costCenter": "AU90140211",
			"quantity": -1.0,
			"statutoryCharge": 0.0,
			"managementAllocation": 0.0,
			"credit": -328.5,
			"backbill": 0.0,
			"isActualLocked": true,
			"isCreditBackbillLocked": true,
			"modifiedDate": "2024-08-13T08:41:23.01+02:00"
		},
		{
			"id": 69831776,
			"reportingQuarter": "2024_Q4",
			"serviceQuarter": "2024_Q4",
			"serviceMonth": null,
			"invoiceType": "Actual",
			"serviceType": "Abacus Metrics",
			"abacusSource": "CUSTOMERS AND SUPPLIERS; SALES",
			"serviceName": "UBC_0183 - ASP: CTI OPS",
			"serviceComments": "Description :  Standard Computer Telephony Integration (CTI) (9AAG026438) acts as one common connection with Salesforce.com. CTI common solution automatically extracts information about customer and presents the information to the agent before starting the call.; Where to deactive account : Other metrics - not applicable",
			"applicationName": "CTI Common Solution",
			"applicationIGARId": "9AAG026438",
			"linkedApplications": null,
			"region": "AMA",
			"country": "AE",
			"company": "AETAD",
			"normalizedCountry": "AE",
			"normalizedCompany": "AEIND",
			"organization": "N/A",
			"business": "IA",
			"businessLine": "IAEN",
			"productGroup": "N/A",
			"siteName": "N/A",
			"invoiceInformation": "FACE Operations",
			"email": null,
			"geid": null,
			"accountType": "N/A",
			"costCenter": null,
			"quantity": 8.0,
			"statutoryCharge": 114.0,
			"managementAllocation": 114.0,
			"credit": 0.0,
			"backbill": 0.0,
			"isActualLocked": true,
			"isCreditBackbillLocked": true,
			"modifiedDate": "2024-09-16T16:29:08.627+02:00"
		},
		{
			"id": 69831777,
			"reportingQuarter": "2024_Q4",
			"serviceQuarter": "2024_Q4",
			"serviceMonth": null,
			"invoiceType": "Actual",
			"serviceType": "Abacus Metrics",
			"abacusSource": "CUSTOMERS AND SUPPLIERS; SALES",
			"serviceName": "UBC_0183 - ASP: CTI OPS",
			"serviceComments": "Description :  Standard Computer Telephony Integration (CTI) (9AAG026438) acts as one common connection with Salesforce.com. CTI common solution automatically extracts information about customer and presents the information to the agent before starting the call.; Where to deactive account : Other metrics - not applicable",
			"applicationName": "CTI Common Solution",
			"applicationIGARId": "9AAG026438",
			"linkedApplications": null,
			"region": "AMA",
			"country": "AE",
			"company": "AETAD",
			"normalizedCountry": "AE",
			"normalizedCompany": "AEIND",
			"organization": "N/A",
			"business": "IA",
			"businessLine": "IAMA",
			"productGroup": "N/A",
			"siteName": "N/A",
			"invoiceInformation": "FACE Operations",
			"email": null,
			"geid": null,
			"accountType": "N/A",
			"costCenter": null,
			"quantity": 5.0,
			"statutoryCharge": 71.25,
			"managementAllocation": 71.25,
			"credit": 0.0,
			"backbill": 0.0,
			"isActualLocked": true,
			"isCreditBackbillLocked": true,
			"modifiedDate": "2024-09-16T16:29:08.627+02:00"
		},
		{
			"id": 69831778,
			"reportingQuarter": "2024_Q4",
			"serviceQuarter": "2024_Q4",
			"serviceMonth": null,
			"invoiceType": "Actual",
			"serviceType": "Abacus Metrics",
			"abacusSource": "CUSTOMERS AND SUPPLIERS; SALES",
			"serviceName": "UBC_0183 - ASP: CTI OPS",
			"serviceComments": "Description :  Standard Computer Telephony Integration (CTI) (9AAG026438) acts as one common connection with Salesforce.com. CTI common solution automatically extracts information about customer and presents the information to the agent before starting the call.; Where to deactive account : Other metrics - not applicable",
			"applicationName": "CTI Common Solution",
			"applicationIGARId": "9AAG026438",
			"linkedApplications": null,
			"region": "AMA",
			"country": "AE",
			"company": "AETAD",
			"normalizedCountry": "AE",
			"normalizedCompany": "AEIND",
			"organization": "N/A",
			"business": "IA",
			"businessLine": "IAEN",
			"productGroup": "N/A",
			"siteName": "N/A",
			"invoiceInformation": "FACE Operations",
			"email": null,
			"geid": null,
			"accountType": "N/A",
			"costCenter": null,
			"quantity": 41.0,
			"statutoryCharge": 584.25,
			"managementAllocation": 584.25,
			"credit": 0.0,
			"backbill": 0.0,
			"isActualLocked": true,
			"isCreditBackbillLocked": true,
			"modifiedDate": "2024-09-16T16:29:08.627+02:00"
		},
		{
			"id": 69831779,
			"reportingQuarter": "2024_Q4",
			"serviceQuarter": "2024_Q4",
			"serviceMonth": null,
			"invoiceType": "Actual",
			"serviceType": "Abacus Metrics",
			"abacusSource": "CUSTOMERS AND SUPPLIERS; SALES",
			"serviceName": "UBC_0183 - ASP: CTI OPS",
			"serviceComments": "Description :  Standard Computer Telephony Integration (CTI) (9AAG026438) acts as one common connection with Salesforce.com. CTI common solution automatically extracts information about customer and presents the information to the agent before starting the call.; Where to deactive account : Other metrics - not applicable",
			"applicationName": "CTI Common Solution",
			"applicationIGARId": "9AAG026438",
			"linkedApplications": null,
			"region": "AMA",
			"country": "AE",
			"company": "AETAD",
			"normalizedCountry": "AE",
			"normalizedCompany": "AEIND",
			"organization": "N/A",
			"business": "MO",
			"businessLine": "MOSE",
			"productGroup": "N/A",
			"siteName": "N/A",
			"invoiceInformation": "FACE Operations",
			"email": null,
			"geid": null,
			"accountType": "N/A",
			"costCenter": null,
			"quantity": 2.0,
			"statutoryCharge": 28.5,
			"managementAllocation": 28.5,
			"credit": 0.0,
			"backbill": 0.0,
			"isActualLocked": true,
			"isCreditBackbillLocked": true,
			"modifiedDate": "2024-09-16T16:29:08.627+02:00"
		},
		{
			"id": 69831780,
			"reportingQuarter": "2024_Q4",
			"serviceQuarter": "2024_Q4",
			"serviceMonth": null,
			"invoiceType": "Actual",
			"serviceType": "Abacus Metrics",
			"abacusSource": "CUSTOMERS AND SUPPLIERS; SALES",
			"serviceName": "UBC_0112 - ASP: CTI PRJ",
			"serviceComments": "Description :  Development/enhancements to Computer Telephony Integration (CTI) (9AAG026438) which acts as one common connection with Salesforce.com. CTI common solution automatically extracts information about customer and presents the information to the agent before starting the call. ; Where to deactive account : Other metrics - not applicable",
			"applicationName": "CTI Common Solution",
			"applicationIGARId": "9AAG026438",
			"linkedApplications": null,
			"region": "AMA",
			"country": "AE",
			"company": "AETAD",
			"normalizedCountry": "AE",
			"normalizedCompany": "AEIND",
			"organization": "N/A",
			"business": "MO",
			"businessLine": "MOSE",
			"productGroup": "N/A",
			"siteName": "N/A",
			"invoiceInformation": "FACE Development/Enhancement",
			"email": null,
			"geid": null,
			"accountType": "N/A",
			"costCenter": null,
			"quantity": 2.0,
			"statutoryCharge": 3.0,
			"managementAllocation": 3.0,
			"credit": 0.0,
			"backbill": 0.0,
			"isActualLocked": true,
			"isCreditBackbillLocked": true,
			"modifiedDate": "2024-09-16T16:29:08.627+02:00"
		},
		{
			"id": 69831781,
			"reportingQuarter": "2024_Q4",
			"serviceQuarter": "2024_Q4",
			"serviceMonth": null,
			"invoiceType": "Actual",
			"serviceType": "Abacus Metrics",
			"abacusSource": "CUSTOMERS AND SUPPLIERS; SALES",
			"serviceName": "UBC_0112 - ASP: CTI PRJ",
			"serviceComments": "Description :  Development/enhancements to Computer Telephony Integration (CTI) (9AAG026438) which acts as one common connection with Salesforce.com. CTI common solution automatically extracts information about customer and presents the information to the agent before starting the call. ; Where to deactive account : Other metrics - not applicable",
			"applicationName": "CTI Common Solution",
			"applicationIGARId": "9AAG026438",
			"linkedApplications": null,
			"region": "AMA",
			"country": "AE",
			"company": "AETAD",
			"normalizedCountry": "AE",
			"normalizedCompany": "AEIND",
			"organization": "N/A",
			"business": "EL",
			"businessLine": "ELBA",
			"productGroup": "N/A",
			"siteName": "N/A",
			"invoiceInformation": "FACE Development/Enhancement",
			"email": null,
			"geid": null,
			"accountType": "N/A",
			"costCenter": null,
			"quantity": 3.0,
			"statutoryCharge": 4.5,
			"managementAllocation": 4.5,
			"credit": 0.0,
			"backbill": 0.0,
			"isActualLocked": true,
			"isCreditBackbillLocked": true,
			"modifiedDate": "2024-09-16T16:29:08.627+02:00"
		},
		{
			"id": 69831782,
			"reportingQuarter": "2024_Q4",
			"serviceQuarter": "2024_Q4",
			"serviceMonth": null,
			"invoiceType": "Actual",
			"serviceType": "Abacus Metrics",
			"abacusSource": "CUSTOMERS AND SUPPLIERS; SALES",
			"serviceName": "UBC_0112 - ASP: CTI PRJ",
			"serviceComments": "Description :  Development/enhancements to Computer Telephony Integration (CTI) (9AAG026438) which acts as one common connection with Salesforce.com. CTI common solution automatically extracts information about customer and presents the information to the agent before starting the call. ; Where to deactive account : Other metrics - not applicable",
			"applicationName": "CTI Common Solution",
			"applicationIGARId": "9AAG026438",
			"linkedApplications": null,
			"region": "AMA",
			"country": "AE",
			"company": "AETAD",
			"normalizedCountry": "AE",
			"normalizedCompany": "AEIND",
			"organization": "N/A",
			"business": "IA",
			"businessLine": "IAMA",
			"productGroup": "N/A",
			"siteName": "N/A",
			"invoiceInformation": "FACE Development/Enhancement",
			"email": null,
			"geid": null,
			"accountType": "N/A",
			"costCenter": null,
			"quantity": 5.0,
			"statutoryCharge": 7.5,
			"managementAllocation": 7.5,
			"credit": 0.0,
			"backbill": 0.0,
			"isActualLocked": true,
			"isCreditBackbillLocked": true,
			"modifiedDate": "2024-09-16T16:29:08.627+02:00"
		},
		{
			"id": 69831783,
			"reportingQuarter": "2024_Q4",
			"serviceQuarter": "2024_Q4",
			"serviceMonth": null,
			"invoiceType": "Actual",
			"serviceType": "Abacus Metrics",
			"abacusSource": "CUSTOMERS AND SUPPLIERS; SALES",
			"serviceName": "UBC_0112 - ASP: CTI PRJ",
			"serviceComments": "Description :  Development/enhancements to Computer Telephony Integration (CTI) (9AAG026438) which acts as one common connection with Salesforce.com. CTI common solution automatically extracts information about customer and presents the information to the agent before starting the call. ; Where to deactive account : Other metrics - not applicable",
			"applicationName": "CTI Common Solution",
			"applicationIGARId": "9AAG026438",
			"linkedApplications": null,
			"region": "AMA",
			"country": "AE",
			"company": "AETAD",
			"normalizedCountry": "AE",
			"normalizedCompany": "AEIND",
			"organization": "N/A",
			"business": "IA",
			"businessLine": "IAEN",
			"productGroup": "N/A",
			"siteName": "N/A",
			"invoiceInformation": "FACE Development/Enhancement",
			"email": null,
			"geid": null,
			"accountType": "N/A",
			"costCenter": null,
			"quantity": 41.0,
			"statutoryCharge": 61.5,
			"managementAllocation": 61.5,
			"credit": 0.0,
			"backbill": 0.0,
			"isActualLocked": true,
			"isCreditBackbillLocked": true,
			"modifiedDate": "2024-09-16T16:29:08.627+02:00"
		},
		{
			"id": 69831784,
			"reportingQuarter": "2024_Q4",
			"serviceQuarter": "2024_Q4",
			"serviceMonth": null,
			"invoiceType": "Actual",
			"serviceType": "Abacus Metrics",
			"abacusSource": "CUSTOMERS AND SUPPLIERS; SALES",
			"serviceName": "UBC_0112 - ASP: CTI PRJ",
			"serviceComments": "Description :  Development/enhancements to Computer Telephony Integration (CTI) (9AAG026438) which acts as one common connection with Salesforce.com. CTI common solution automatically extracts information about customer and presents the information to the agent before starting the call. ; Where to deactive account : Other metrics - not applicable",
			"applicationName": "CTI Common Solution",
			"applicationIGARId": "9AAG026438",
			"linkedApplications": null,
			"region": "AMA",
			"country": "AE",
			"company": "AETAD",
			"normalizedCountry": "AE",
			"normalizedCompany": "AEIND",
			"organization": "N/A",
			"business": "IA",
			"businessLine": "IAMA",
			"productGroup": "N/A",
			"siteName": "N/A",
			"invoiceInformation": "FACE Development/Enhancement",
			"email": null,
			"geid": null,
			"accountType": "N/A",
			"costCenter": null,
			"quantity": 1.0,
			"statutoryCharge": 1.5,
			"managementAllocation": 1.5,
			"credit": 0.0,
			"backbill": 0.0,
			"isActualLocked": true,
			"isCreditBackbillLocked": true,
			"modifiedDate": "2024-09-16T16:29:08.627+02:00"
		},
		{
			"id": 69831785,
			"reportingQuarter": "2024_Q4",
			"serviceQuarter": "2024_Q4",
			"serviceMonth": null,
			"invoiceType": "Actual",
			"serviceType": "Abacus Metrics",
			"abacusSource": "CUSTOMERS AND SUPPLIERS; SALES",
			"serviceName": "UBC_0112 - ASP: CTI PRJ",
			"serviceComments": "Description :  Development/enhancements to Computer Telephony Integration (CTI) (9AAG026438) which acts as one common connection with Salesforce.com. CTI common solution automatically extracts information about customer and presents the information to the agent before starting the call. ; Where to deactive account : Other metrics - not applicable",
			"applicationName": "CTI Common Solution",
			"applicationIGARId": "9AAG026438",
			"linkedApplications": null,
			"region": "AMA",
			"country": "AE",
			"company": "AETAD",
			"normalizedCountry": "AE",
			"normalizedCompany": "AEIND",
			"organization": "N/A",
			"business": "IA",
			"businessLine": "IAEN",
			"productGroup": "N/A",
			"siteName": "N/A",
			"invoiceInformation": "FACE Development/Enhancement",
			"email": null,
			"geid": null,
			"accountType": "N/A",
			"costCenter": null,
			"quantity": 8.0,
			"statutoryCharge": 12.0,
			"managementAllocation": 12.0,
			"credit": 0.0,
			"backbill": 0.0,
			"isActualLocked": true,
			"isCreditBackbillLocked": true,
			"modifiedDate": "2024-09-16T16:29:08.627+02:00"
		},
		{
			"id": 69831786,
			"reportingQuarter": "2024_Q4",
			"serviceQuarter": "2024_Q4",
			"serviceMonth": null,
			"invoiceType": "Actual",
			"serviceType": "Abacus Metrics",
			"abacusSource": "CUSTOMERS AND SUPPLIERS; SALES",
			"serviceName": "UBC_0112 - ASP: CTI PRJ",
			"serviceComments": "Description :  Development/enhancements to Computer Telephony Integration (CTI) (9AAG026438) which acts as one common connection with Salesforce.com. CTI common solution automatically extracts information about customer and presents the information to the agent before starting the call. ; Where to deactive account : Other metrics - not applicable",
			"applicationName": "CTI Common Solution",
			"applicationIGARId": "9AAG026438",
			"linkedApplications": null,
			"region": "AMA",
			"country": "AE",
			"company": "AETAD",
			"normalizedCountry": "AE",
			"normalizedCompany": "AEIND",
			"organization": "N/A",
			"business": "EL",
			"businessLine": "ELDS",
			"productGroup": "N/A",
			"siteName": "N/A",
			"invoiceInformation": "FACE Development/Enhancement",
			"email": null,
			"geid": null,
			"accountType": "N/A",
			"costCenter": null,
			"quantity": 3.0,
			"statutoryCharge": 4.5,
			"managementAllocation": 4.5,
			"credit": 0.0,
			"backbill": 0.0,
			"isActualLocked": true,
			"isCreditBackbillLocked": true,
			"modifiedDate": "2024-09-16T16:29:08.627+02:00"
		},
		{
			"id": 69831787,
			"reportingQuarter": "2024_Q4",
			"serviceQuarter": "2024_Q4",
			"serviceMonth": null,
			"invoiceType": "Actual",
			"serviceType": "Abacus Metrics",
			"abacusSource": "CUSTOMERS AND SUPPLIERS; SALES",
			"serviceName": "UBC_0183 - ASP: CTI OPS",
			"serviceComments": "Description :  Standard Computer Telephony Integration (CTI) (9AAG026438) acts as one common connection with Salesforce.com. CTI common solution automatically extracts information about customer and presents the information to the agent before starting the call.; Where to deactive account : Other metrics - not applicable",
			"applicationName": "CTI Common Solution",
			"applicationIGARId": "9AAG026438",
			"linkedApplications": null,
			"region": "AMA",
			"country": "AE",
			"company": "AETAD",
			"normalizedCountry": "AE",
			"normalizedCompany": "AEIND",
			"organization": "N/A",
			"business": "IA",
			"businessLine": "IAMA",
			"productGroup": "N/A",
			"siteName": "N/A",
			"invoiceInformation": "FACE Operations",
			"email": null,
			"geid": null,
			"accountType": "N/A",
			"costCenter": null,
			"quantity": 1.0,
			"statutoryCharge": 14.25,
			"managementAllocation": 14.25,
			"credit": 0.0,
			"backbill": 0.0,
			"isActualLocked": true,
			"isCreditBackbillLocked": true,
			"modifiedDate": "2024-09-16T16:29:08.627+02:00"
		},
		{
			"id": 69831788,
			"reportingQuarter": "2024_Q4",
			"serviceQuarter": "2024_Q4",
			"serviceMonth": null,
			"invoiceType": "Actual",
			"serviceType": "Abacus Metrics",
			"abacusSource": "CUSTOMERS AND SUPPLIERS; SALES",
			"serviceName": "UBC_0183 - ASP: CTI OPS",
			"serviceComments": "Description :  Standard Computer Telephony Integration (CTI) (9AAG026438) acts as one common connection with Salesforce.com. CTI common solution automatically extracts information about customer and presents the information to the agent before starting the call.; Where to deactive account : Other metrics - not applicable",
			"applicationName": "CTI Common Solution",
			"applicationIGARId": "9AAG026438",
			"linkedApplications": null,
			"region": "AMA",
			"country": "AE",
			"company": "AETAD",
			"normalizedCountry": "AE",
			"normalizedCompany": "AEIND",
			"organization": "N/A",
			"business": "EL",
			"businessLine": "ELBA",
			"productGroup": "N/A",
			"siteName": "N/A",
			"invoiceInformation": "FACE Operations",
			"email": null,
			"geid": null,
			"accountType": "N/A",
			"costCenter": null,
			"quantity": 3.0,
			"statutoryCharge": 42.75,
			"managementAllocation": 42.75,
			"credit": 0.0,
			"backbill": 0.0,
			"isActualLocked": true,
			"isCreditBackbillLocked": true,
			"modifiedDate": "2024-09-16T16:29:08.627+02:00"
		},
		{
			"id": 69831789,
			"reportingQuarter": "2024_Q4",
			"serviceQuarter": "2024_Q4",
			"serviceMonth": null,
			"invoiceType": "Actual",
			"serviceType": "Abacus Metrics",
			"abacusSource": "CUSTOMERS AND SUPPLIERS; SALES",
			"serviceName": "UBC_0183 - ASP: CTI OPS",
			"serviceComments": "Description :  Standard Computer Telephony Integration (CTI) (9AAG026438) acts as one common connection with Salesforce.com. CTI common solution automatically extracts information about customer and presents the information to the agent before starting the call.; Where to deactive account : Other metrics - not applicable",
			"applicationName": "CTI Common Solution",
			"applicationIGARId": "9AAG026438",
			"linkedApplications": null,
			"region": "AMA",
			"country": "AE",
			"company": "AETAD",
			"normalizedCountry": "AE",
			"normalizedCompany": "AEIND",
			"organization": "N/A",
			"business": "EL",
			"businessLine": "ELDS",
			"productGroup": "N/A",
			"siteName": "N/A",
			"invoiceInformation": "FACE Operations",
			"email": null,
			"geid": null,
			"accountType": "N/A",
			"costCenter": null,
			"quantity": 3.0,
			"statutoryCharge": 42.75,
			"managementAllocation": 42.75,
			"credit": 0.0,
			"backbill": 0.0,
			"isActualLocked": true,
			"isCreditBackbillLocked": true,
			"modifiedDate": "2024-09-16T16:29:08.627+02:00"
		},
		{
			"id": 69831793,
			"reportingQuarter": "2024_Q4",
			"serviceQuarter": "2024_Q4",
			"serviceMonth": null,
			"invoiceType": "Actual",
			"serviceType": "Abacus Metrics",
			"abacusSource": "CUSTOMERS AND SUPPLIERS; SALES",
			"serviceName": "UBC_0401 - IA CPQ SERVICES",
			"serviceComments": "Description : The CPQ platform (9AAG031094) is designed to support ABB standardization, reuse of automation solutions through a more digital, integrated and collaborative environment – helping us boost efficiency and our agility to respond faster to customers. ",
			"applicationName": "PA CPQ",
			"applicationIGARId": "9AAG031094",
			"linkedApplications": null,
			"region": "AMA",
			"country": "AE",
			"company": "AETAD",
			"normalizedCountry": "AE",
			"normalizedCompany": "AEIND",
			"organization": "N/A",
			"business": "IA",
			"businessLine": "IAEN",
			"productGroup": "N/A",
			"siteName": "N/A",
			"invoiceInformation": "PA Specific Applications and Tools",
			"email": null,
			"geid": null,
			"accountType": "N/A",
			"costCenter": null,
			"quantity": 41.0,
			"statutoryCharge": 4950.75,
			"managementAllocation": 4950.75,
			"credit": 0.0,
			"backbill": 0.0,
			"isActualLocked": true,
			"isCreditBackbillLocked": true,
			"modifiedDate": "2024-09-16T16:29:08.627+02:00"
		},
		{
			"id": 69831795,
			"reportingQuarter": "2024_Q4",
			"serviceQuarter": "2024_Q4",
			"serviceMonth": null,
			"invoiceType": "Actual",
			"serviceType": "Abacus Metrics",
			"abacusSource": "CUSTOMERS AND SUPPLIERS; SALES",
			"serviceName": "UBC_0401 - IA CPQ SERVICES",
			"serviceComments": "Description : The CPQ platform (9AAG031094) is designed to support ABB standardization, reuse of automation solutions through a more digital, integrated and collaborative environment – helping us boost efficiency and our agility to respond faster to customers. ",
			"applicationName": "PA CPQ",
			"applicationIGARId": "9AAG031094",
			"linkedApplications": null,
			"region": "AMA",
			"country": "AE",
			"company": "AETAD",
			"normalizedCountry": "AE",
			"normalizedCompany": "AEIND",
			"organization": "N/A",
			"business": "IA",
			"businessLine": "IAEN",
			"productGroup": "N/A",
			"siteName": "N/A",
			"invoiceInformation": "PA Specific Applications and Tools",
			"email": null,
			"geid": null,
			"accountType": "N/A",
			"costCenter": null,
			"quantity": 8.0,
			"statutoryCharge": 966.0,
			"managementAllocation": 966.0,
			"credit": 0.0,
			"backbill": 0.0,
			"isActualLocked": true,
			"isCreditBackbillLocked": true,
			"modifiedDate": "2024-09-16T16:29:08.627+02:00"
		},
		{
			"id": 69831803,
			"reportingQuarter": "2024_Q4",
			"serviceQuarter": "2024_Q4",
			"serviceMonth": null,
			"invoiceType": "Actual",
			"serviceType": "Abacus Metrics",
			"abacusSource": "CUSTOMERS AND SUPPLIERS; SALES",
			"serviceName": "UBC_0183 - ASP: CTI OPS",
			"serviceComments": "Description :  Standard Computer Telephony Integration (CTI) (9AAG026438) acts as one common connection with Salesforce.com. CTI common solution automatically extracts information about customer and presents the information to the agent before starting the call.; Where to deactive account : Other metrics - not applicable",
			"applicationName": "CTI Common Solution",
			"applicationIGARId": "9AAG026438",
			"linkedApplications": null,
			"region": "AMA",
			"country": "AE",
			"company": "AEIND",
			"normalizedCountry": "AE",
			"normalizedCompany": "AEIND",
			"organization": "N/A",
			"business": "MO",
			"businessLine": "MOLM",
			"productGroup": "N/A",
			"siteName": "N/A",
			"invoiceInformation": "FACE Operations",
			"email": null,
			"geid": null,
			"accountType": "N/A",
			"costCenter": null,
			"quantity": 3.0,
			"statutoryCharge": 42.75,
			"managementAllocation": 42.75,
			"credit": 0.0,
			"backbill": 0.0,
			"isActualLocked": true,
			"isCreditBackbillLocked": true,
			"modifiedDate": "2024-09-16T16:29:08.627+02:00"
		},
		{
			"id": 69831804,
			"reportingQuarter": "2024_Q4",
			"serviceQuarter": "2024_Q4",
			"serviceMonth": null,
			"invoiceType": "Actual",
			"serviceType": "Abacus Metrics",
			"abacusSource": "CUSTOMERS AND SUPPLIERS; SALES",
			"serviceName": "UBC_0183 - ASP: CTI OPS",
			"serviceComments": "Description :  Standard Computer Telephony Integration (CTI) (9AAG026438) acts as one common connection with Salesforce.com. CTI common solution automatically extracts information about customer and presents the information to the agent before starting the call.; Where to deactive account : Other metrics - not applicable",
			"applicationName": "CTI Common Solution",
			"applicationIGARId": "9AAG026438",
			"linkedApplications": null,
			"region": "AMA",
			"country": "AE",
			"company": "AEIND",
			"normalizedCountry": "AE",
			"normalizedCompany": "AEIND",
			"organization": "N/A",
			"business": "MO",
			"businessLine": "MOIM",
			"productGroup": "N/A",
			"siteName": "N/A",
			"invoiceInformation": "FACE Operations",
			"email": null,
			"geid": null,
			"accountType": "N/A",
			"costCenter": null,
			"quantity": 6.0,
			"statutoryCharge": 85.5,
			"managementAllocation": 85.5,
			"credit": 0.0,
			"backbill": 0.0,
			"isActualLocked": true,
			"isCreditBackbillLocked": true,
			"modifiedDate": "2024-09-16T16:29:08.627+02:00"
		},
		{
			"id": 69831805,
			"reportingQuarter": "2024_Q4",
			"serviceQuarter": "2024_Q4",
			"serviceMonth": null,
			"invoiceType": "Actual",
			"serviceType": "Abacus Metrics",
			"abacusSource": "CUSTOMERS AND SUPPLIERS; SALES",
			"serviceName": "UBC_0183 - ASP: CTI OPS",
			"serviceComments": "Description :  Standard Computer Telephony Integration (CTI) (9AAG026438) acts as one common connection with Salesforce.com. CTI common solution automatically extracts information about customer and presents the information to the agent before starting the call.; Where to deactive account : Other metrics - not applicable",
			"applicationName": "CTI Common Solution",
			"applicationIGARId": "9AAG026438",
			"linkedApplications": null,
			"region": "AMA",
			"country": "AE",
			"company": "AEIND",
			"normalizedCountry": "AE",
			"normalizedCompany": "AEIND",
			"organization": "N/A",
			"business": "EL",
			"businessLine": "ELSP",
			"productGroup": "N/A",
			"siteName": "N/A",
			"invoiceInformation": "FACE Operations",
			"email": null,
			"geid": null,
			"accountType": "N/A",
			"costCenter": null,
			"quantity": 4.0,
			"statutoryCharge": 57.0,
			"managementAllocation": 57.0,
			"credit": 0.0,
			"backbill": 0.0,
			"isActualLocked": true,
			"isCreditBackbillLocked": true,
			"modifiedDate": "2024-09-16T16:29:08.627+02:00"
		},
		{
			"id": 69831806,
			"reportingQuarter": "2024_Q4",
			"serviceQuarter": "2024_Q4",
			"serviceMonth": null,
			"invoiceType": "Actual",
			"serviceType": "Abacus Metrics",
			"abacusSource": "CUSTOMERS AND SUPPLIERS; SALES",
			"serviceName": "UBC_0183 - ASP: CTI OPS",
			"serviceComments": "Description :  Standard Computer Telephony Integration (CTI) (9AAG026438) acts as one common connection with Salesforce.com. CTI common solution automatically extracts information about customer and presents the information to the agent before starting the call.; Where to deactive account : Other metrics - not applicable",
			"applicationName": "CTI Common Solution",
			"applicationIGARId": "9AAG026438",
			"linkedApplications": null,
			"region": "AMA",
			"country": "AE",
			"company": "AEIND",
			"normalizedCountry": "AE",
			"normalizedCompany": "AEIND",
			"organization": "N/A",
			"business": "EL",
			"businessLine": "ELDS",
			"productGroup": "N/A",
			"siteName": "N/A",
			"invoiceInformation": "FACE Operations",
			"email": null,
			"geid": null,
			"accountType": "N/A",
			"costCenter": null,
			"quantity": 1.0,
			"statutoryCharge": 14.25,
			"managementAllocation": 14.25,
			"credit": 0.0,
			"backbill": 0.0,
			"isActualLocked": true,
			"isCreditBackbillLocked": true,
			"modifiedDate": "2024-09-16T16:29:08.627+02:00"
		},
		{
			"id": 69831807,
			"reportingQuarter": "2024_Q4",
			"serviceQuarter": "2024_Q4",
			"serviceMonth": null,
			"invoiceType": "Actual",
			"serviceType": "Abacus Metrics",
			"abacusSource": "CUSTOMERS AND SUPPLIERS; SALES",
			"serviceName": "UBC_0183 - ASP: CTI OPS",
			"serviceComments": "Description :  Standard Computer Telephony Integration (CTI) (9AAG026438) acts as one common connection with Salesforce.com. CTI common solution automatically extracts information about customer and presents the information to the agent before starting the call.; Where to deactive account : Other metrics - not applicable",
			"applicationName": "CTI Common Solution",
			"applicationIGARId": "9AAG026438",
			"linkedApplications": null,
			"region": "AMA",
			"country": "AE",
			"company": "AEIND",
			"normalizedCountry": "AE",
			"normalizedCompany": "AEIND",
			"organization": "N/A",
			"business": "MO",
			"businessLine": "MOSE",
			"productGroup": "N/A",
			"siteName": "N/A",
			"invoiceInformation": "FACE Operations",
			"email": null,
			"geid": null,
			"accountType": "N/A",
			"costCenter": null,
			"quantity": 3.0,
			"statutoryCharge": 42.75,
			"managementAllocation": 42.75,
			"credit": 0.0,
			"backbill": 0.0,
			"isActualLocked": true,
			"isCreditBackbillLocked": true,
			"modifiedDate": "2024-09-16T16:29:08.627+02:00"
		},
		{
			"id": 69831808,
			"reportingQuarter": "2024_Q4",
			"serviceQuarter": "2024_Q4",
			"serviceMonth": null,
			"invoiceType": "Actual",
			"serviceType": "Abacus Metrics",
			"abacusSource": "CUSTOMERS AND SUPPLIERS; SALES",
			"serviceName": "UBC_0183 - ASP: CTI OPS",
			"serviceComments": "Description :  Standard Computer Telephony Integration (CTI) (9AAG026438) acts as one common connection with Salesforce.com. CTI common solution automatically extracts information about customer and presents the information to the agent before starting the call.; Where to deactive account : Other metrics - not applicable",
			"applicationName": "CTI Common Solution",
			"applicationIGARId": "9AAG026438",
			"linkedApplications": null,
			"region": "AMA",
			"country": "AE",
			"company": "AEIND",
			"normalizedCountry": "AE",
			"normalizedCompany": "AEIND",
			"organization": "N/A",
			"business": "MO",
			"businessLine": "MOSD",
			"productGroup": "N/A",
			"siteName": "N/A",
			"invoiceInformation": "FACE Operations",
			"email": null,
			"geid": null,
			"accountType": "N/A",
			"costCenter": null,
			"quantity": 1.0,
			"statutoryCharge": 14.25,
			"managementAllocation": 14.25,
			"credit": 0.0,
			"backbill": 0.0,
			"isActualLocked": true,
			"isCreditBackbillLocked": true,
			"modifiedDate": "2024-09-16T16:29:08.627+02:00"
		},
		{
			"id": 69831809,
			"reportingQuarter": "2024_Q4",
			"serviceQuarter": "2024_Q4",
			"serviceMonth": null,
			"invoiceType": "Actual",
			"serviceType": "Abacus Metrics",
			"abacusSource": "CUSTOMERS AND SUPPLIERS; SALES",
			"serviceName": "UBC_0183 - ASP: CTI OPS",
			"serviceComments": "Description :  Standard Computer Telephony Integration (CTI) (9AAG026438) acts as one common connection with Salesforce.com. CTI common solution automatically extracts information about customer and presents the information to the agent before starting the call.; Where to deactive account : Other metrics - not applicable",
			"applicationName": "CTI Common Solution",
			"applicationIGARId": "9AAG026438",
			"linkedApplications": null,
			"region": "AMA",
			"country": "AE",
			"company": "AEIND",
			"normalizedCountry": "AE",
			"normalizedCompany": "AEIND",
			"organization": "N/A",
			"business": "EL",
			"businessLine": "ELBA",
			"productGroup": "N/A",
			"siteName": "N/A",
			"invoiceInformation": "FACE Operations",
			"email": null,
			"geid": null,
			"accountType": "N/A",
			"costCenter": null,
			"quantity": 14.0,
			"statutoryCharge": 199.5,
			"managementAllocation": 199.5,
			"credit": 0.0,
			"backbill": 0.0,
			"isActualLocked": true,
			"isCreditBackbillLocked": true,
			"modifiedDate": "2024-09-16T16:29:08.627+02:00"
		},
		{
			"id": 69831810,
			"reportingQuarter": "2024_Q4",
			"serviceQuarter": "2024_Q4",
			"serviceMonth": null,
			"invoiceType": "Actual",
			"serviceType": "Abacus Metrics",
			"abacusSource": "CUSTOMERS AND SUPPLIERS; SALES",
			"serviceName": "UBC_0112 - ASP: CTI PRJ",
			"serviceComments": "Description :  Development/enhancements to Computer Telephony Integration (CTI) (9AAG026438) which acts as one common connection with Salesforce.com. CTI common solution automatically extracts information about customer and presents the information to the agent before starting the call. ; Where to deactive account : Other metrics - not applicable",
			"applicationName": "CTI Common Solution",
			"applicationIGARId": "9AAG026438",
			"linkedApplications": null,
			"region": "AMA",
			"country": "AE",
			"company": "AEIND",
			"normalizedCountry": "AE",
			"normalizedCompany": "AEIND",
			"organization": "N/A",
			"business": "IA",
			"businessLine": "IAMA",
			"productGroup": "N/A",
			"siteName": "N/A",
			"invoiceInformation": "FACE Development/Enhancement",
			"email": null,
			"geid": null,
			"accountType": "N/A",
			"costCenter": null,
			"quantity": 4.0,
			"statutoryCharge": 6.0,
			"managementAllocation": 6.0,
			"credit": 0.0,
			"backbill": 0.0,
			"isActualLocked": true,
			"isCreditBackbillLocked": true,
			"modifiedDate": "2024-09-16T16:29:08.627+02:00"
		},
		{
			"id": 69831811,
			"reportingQuarter": "2024_Q4",
			"serviceQuarter": "2024_Q4",
			"serviceMonth": null,
			"invoiceType": "Actual",
			"serviceType": "Abacus Metrics",
			"abacusSource": "CUSTOMERS AND SUPPLIERS; SALES",
			"serviceName": "UBC_0112 - ASP: CTI PRJ",
			"serviceComments": "Description :  Development/enhancements to Computer Telephony Integration (CTI) (9AAG026438) which acts as one common connection with Salesforce.com. CTI common solution automatically extracts information about customer and presents the information to the agent before starting the call. ; Where to deactive account : Other metrics - not applicable",
			"applicationName": "CTI Common Solution",
			"applicationIGARId": "9AAG026438",
			"linkedApplications": null,
			"region": "AMA",
			"country": "AE",
			"company": "AEIND",
			"normalizedCountry": "AE",
			"normalizedCompany": "AEIND",
			"organization": "N/A",
			"business": "IA",
			"businessLine": "IAMP",
			"productGroup": "N/A",
			"siteName": "N/A",
			"invoiceInformation": "FACE Development/Enhancement",
			"email": null,
			"geid": null,
			"accountType": "N/A",
			"costCenter": null,
			"quantity": 5.0,
			"statutoryCharge": 7.5,
			"managementAllocation": 7.5,
			"credit": 0.0,
			"backbill": 0.0,
			"isActualLocked": true,
			"isCreditBackbillLocked": true,
			"modifiedDate": "2024-09-16T16:29:08.627+02:00"
		},
		{
			"id": 69831812,
			"reportingQuarter": "2024_Q4",
			"serviceQuarter": "2024_Q4",
			"serviceMonth": null,
			"invoiceType": "Actual",
			"serviceType": "Abacus Metrics",
			"abacusSource": "CUSTOMERS AND SUPPLIERS; SALES",
			"serviceName": "UBC_0112 - ASP: CTI PRJ",
			"serviceComments": "Description :  Development/enhancements to Computer Telephony Integration (CTI) (9AAG026438) which acts as one common connection with Salesforce.com. CTI common solution automatically extracts information about customer and presents the information to the agent before starting the call. ; Where to deactive account : Other metrics - not applicable",
			"applicationName": "CTI Common Solution",
			"applicationIGARId": "9AAG026438",
			"linkedApplications": null,
			"region": "AMA",
			"country": "AE",
			"company": "AEIND",
			"normalizedCountry": "AE",
			"normalizedCompany": "AEIND",
			"organization": "N/A",
			"business": "IA",
			"businessLine": "IAPI",
			"productGroup": "N/A",
			"siteName": "N/A",
			"invoiceInformation": "FACE Development/Enhancement",
			"email": null,
			"geid": null,
			"accountType": "N/A",
			"costCenter": null,
			"quantity": 2.0,
			"statutoryCharge": 3.0,
			"managementAllocation": 3.0,
			"credit": 0.0,
			"backbill": 0.0,
			"isActualLocked": true,
			"isCreditBackbillLocked": true,
			"modifiedDate": "2024-09-16T16:29:08.627+02:00"
		},
		{
			"id": 69831824,
			"reportingQuarter": "2024_Q4",
			"serviceQuarter": "2024_Q4",
			"serviceMonth": null,
			"invoiceType": "Actual",
			"serviceType": "Abacus Metrics",
			"abacusSource": "CUSTOMERS AND SUPPLIERS; SALES",
			"serviceName": "UBC_0401 - IA CPQ SERVICES",
			"serviceComments": "Description : The CPQ platform (9AAG031094) is designed to support ABB standardization, reuse of automation solutions through a more digital, integrated and collaborative environment – helping us boost efficiency and our agility to respond faster to customers. ",
			"applicationName": "PA CPQ",
			"applicationIGARId": "9AAG031094",
			"linkedApplications": null,
			"region": "AMA",
			"country": "AE",
			"company": "AEIND",
			"normalizedCountry": "AE",
			"normalizedCompany": "AEIND",
			"organization": "N/A",
			"business": "IA",
			"businessLine": "IAEN",
			"productGroup": "N/A",
			"siteName": "N/A",
			"invoiceInformation": "PA Specific Applications and Tools",
			"email": null,
			"geid": null,
			"accountType": "N/A",
			"costCenter": null,
			"quantity": 5.0,
			"statutoryCharge": 603.75,
			"managementAllocation": 603.75,
			"credit": 0.0,
			"backbill": 0.0,
			"isActualLocked": true,
			"isCreditBackbillLocked": true,
			"modifiedDate": "2024-09-16T16:29:08.627+02:00"
		},
		{
			"id": 69831825,
			"reportingQuarter": "2024_Q4",
			"serviceQuarter": "2024_Q4",
			"serviceMonth": null,
			"invoiceType": "Actual",
			"serviceType": "Abacus Metrics",
			"abacusSource": "CUSTOMERS AND SUPPLIERS; SALES",
			"serviceName": "UBC_0401 - IA CPQ SERVICES",
			"serviceComments": "Description : The CPQ platform (9AAG031094) is designed to support ABB standardization, reuse of automation solutions through a more digital, integrated and collaborative environment – helping us boost efficiency and our agility to respond faster to customers. ",
			"applicationName": "PA CPQ",
			"applicationIGARId": "9AAG031094",
			"linkedApplications": null,
			"region": "AMA",
			"country": "AE",
			"company": "AEIND",
			"normalizedCountry": "AE",
			"normalizedCompany": "AEIND",
			"organization": "N/A",
			"business": "IA",
			"businessLine": "IAPI",
			"productGroup": "N/A",
			"siteName": "N/A",
			"invoiceInformation": "PA Specific Applications and Tools",
			"email": null,
			"geid": null,
			"accountType": "N/A",
			"costCenter": null,
			"quantity": 2.0,
			"statutoryCharge": 241.5,
			"managementAllocation": 241.5,
			"credit": 0.0,
			"backbill": 0.0,
			"isActualLocked": true,
			"isCreditBackbillLocked": true,
			"modifiedDate": "2024-09-16T16:29:08.627+02:00"
		},
		{
			"id": 69831829,
			"reportingQuarter": "2024_Q4",
			"serviceQuarter": "2024_Q4",
			"serviceMonth": null,
			"invoiceType": "Actual",
			"serviceType": "Abacus Metrics",
			"abacusSource": "CUSTOMERS AND SUPPLIERS; SALES",
			"serviceName": "UBC_0183 - ASP: CTI OPS",
			"serviceComments": "Description :  Standard Computer Telephony Integration (CTI) (9AAG026438) acts as one common connection with Salesforce.com. CTI common solution automatically extracts information about customer and presents the information to the agent before starting the call.; Where to deactive account : Other metrics - not applicable",
			"applicationName": "CTI Common Solution",
			"applicationIGARId": "9AAG026438",
			"linkedApplications": null,
			"region": "AMA",
			"country": "AE",
			"company": "AEIND",
			"normalizedCountry": "AE",
			"normalizedCompany": "AEIND",
			"organization": "N/A",
			"business": "RA",
			"businessLine": "RARO",
			"productGroup": "N/A",
			"siteName": "N/A",
			"invoiceInformation": "FACE Operations",
			"email": null,
			"geid": null,
			"accountType": "N/A",
			"costCenter": null,
			"quantity": 2.0,
			"statutoryCharge": 28.5,
			"managementAllocation": 28.5,
			"credit": 0.0,
			"backbill": 0.0,
			"isActualLocked": true,
			"isCreditBackbillLocked": true,
			"modifiedDate": "2024-09-16T16:29:08.627+02:00"
		},
		{
			"id": 69831830,
			"reportingQuarter": "2024_Q4",
			"serviceQuarter": "2024_Q4",
			"serviceMonth": null,
			"invoiceType": "Actual",
			"serviceType": "Abacus Metrics",
			"abacusSource": "CUSTOMERS AND SUPPLIERS; SALES",
			"serviceName": "UBC_0183 - ASP: CTI OPS",
			"serviceComments": "Description :  Standard Computer Telephony Integration (CTI) (9AAG026438) acts as one common connection with Salesforce.com. CTI common solution automatically extracts information about customer and presents the information to the agent before starting the call.; Where to deactive account : Other metrics - not applicable",
			"applicationName": "CTI Common Solution",
			"applicationIGARId": "9AAG026438",
			"linkedApplications": null,
			"region": "AMA",
			"country": "AE",
			"company": "AEIND",
			"normalizedCountry": "AE",
			"normalizedCompany": "AEIND",
			"organization": "N/A",
			"business": "IA",
			"businessLine": "IAMA",
			"productGroup": "N/A",
			"siteName": "N/A",
			"invoiceInformation": "FACE Operations",
			"email": null,
			"geid": null,
			"accountType": "N/A",
			"costCenter": null,
			"quantity": 4.0,
			"statutoryCharge": 57.0,
			"managementAllocation": 57.0,
			"credit": 0.0,
			"backbill": 0.0,
			"isActualLocked": true,
			"isCreditBackbillLocked": true,
			"modifiedDate": "2024-09-16T16:29:08.627+02:00"
		},
		{
			"id": 69831831,
			"reportingQuarter": "2024_Q4",
			"serviceQuarter": "2024_Q4",
			"serviceMonth": null,
			"invoiceType": "Actual",
			"serviceType": "Abacus Metrics",
			"abacusSource": "CUSTOMERS AND SUPPLIERS; SALES",
			"serviceName": "UBC_0183 - ASP: CTI OPS",
			"serviceComments": "Description :  Standard Computer Telephony Integration (CTI) (9AAG026438) acts as one common connection with Salesforce.com. CTI common solution automatically extracts information about customer and presents the information to the agent before starting the call.; Where to deactive account : Other metrics - not applicable",
			"applicationName": "CTI Common Solution",
			"applicationIGARId": "9AAG026438",
			"linkedApplications": null,
			"region": "AMA",
			"country": "AE",
			"company": "AEIND",
			"normalizedCountry": "AE",
			"normalizedCompany": "AEIND",
			"organization": "N/A",
			"business": "IA",
			"businessLine": "IAMP",
			"productGroup": "N/A",
			"siteName": "N/A",
			"invoiceInformation": "FACE Operations",
			"email": null,
			"geid": null,
			"accountType": "N/A",
			"costCenter": null,
			"quantity": 5.0,
			"statutoryCharge": 71.25,
			"managementAllocation": 71.25,
			"credit": 0.0,
			"backbill": 0.0,
			"isActualLocked": true,
			"isCreditBackbillLocked": true,
			"modifiedDate": "2024-09-16T16:29:08.627+02:00"
		},
		{
			"id": 69831832,
			"reportingQuarter": "2024_Q4",
			"serviceQuarter": "2024_Q4",
			"serviceMonth": null,
			"invoiceType": "Actual",
			"serviceType": "Abacus Metrics",
			"abacusSource": "CUSTOMERS AND SUPPLIERS; SALES",
			"serviceName": "UBC_0183 - ASP: CTI OPS",
			"serviceComments": "Description :  Standard Computer Telephony Integration (CTI) (9AAG026438) acts as one common connection with Salesforce.com. CTI common solution automatically extracts information about customer and presents the information to the agent before starting the call.; Where to deactive account : Other metrics - not applicable",
			"applicationName": "CTI Common Solution",
			"applicationIGARId": "9AAG026438",
			"linkedApplications": null,
			"region": "AMA",
			"country": "AE",
			"company": "AEIND",
			"normalizedCountry": "AE",
			"normalizedCompany": "AEIND",
			"organization": "N/A",
			"business": "IA",
			"businessLine": "IAPI",
			"productGroup": "N/A",
			"siteName": "N/A",
			"invoiceInformation": "FACE Operations",
			"email": null,
			"geid": null,
			"accountType": "N/A",
			"costCenter": null,
			"quantity": 2.0,
			"statutoryCharge": 28.5,
			"managementAllocation": 28.5,
			"credit": 0.0,
			"backbill": 0.0,
			"isActualLocked": true,
			"isCreditBackbillLocked": true,
			"modifiedDate": "2024-09-16T16:29:08.627+02:00"
		},
		{
			"id": 69831833,
			"reportingQuarter": "2024_Q4",
			"serviceQuarter": "2024_Q4",
			"serviceMonth": null,
			"invoiceType": "Actual",
			"serviceType": "Abacus Metrics",
			"abacusSource": "CUSTOMERS AND SUPPLIERS; SALES",
			"serviceName": "UBC_0183 - ASP: CTI OPS",
			"serviceComments": "Description :  Standard Computer Telephony Integration (CTI) (9AAG026438) acts as one common connection with Salesforce.com. CTI common solution automatically extracts information about customer and presents the information to the agent before starting the call.; Where to deactive account : Other metrics - not applicable",
			"applicationName": "CTI Common Solution",
			"applicationIGARId": "9AAG026438",
			"linkedApplications": null,
			"region": "AMA",
			"country": "AE",
			"company": "AEIND",
			"normalizedCountry": "AE",
			"normalizedCompany": "AEIND",
			"organization": "N/A",
			"business": "IA",
			"businessLine": "IAEN",
			"productGroup": "N/A",
			"siteName": "N/A",
			"invoiceInformation": "FACE Operations",
			"email": null,
			"geid": null,
			"accountType": "N/A",
			"costCenter": null,
			"quantity": 5.0,
			"statutoryCharge": 71.25,
			"managementAllocation": 71.25,
			"credit": 0.0,
			"backbill": 0.0,
			"isActualLocked": true,
			"isCreditBackbillLocked": true,
			"modifiedDate": "2024-09-16T16:29:08.627+02:00"
		},
		{
			"id": 69831834,
			"reportingQuarter": "2024_Q4",
			"serviceQuarter": "2024_Q4",
			"serviceMonth": null,
			"invoiceType": "Actual",
			"serviceType": "Abacus Metrics",
			"abacusSource": "CUSTOMERS AND SUPPLIERS; SALES",
			"serviceName": "UBC_0183 - ASP: CTI OPS",
			"serviceComments": "Description :  Standard Computer Telephony Integration (CTI) (9AAG026438) acts as one common connection with Salesforce.com. CTI common solution automatically extracts information about customer and presents the information to the agent before starting the call.; Where to deactive account : Other metrics - not applicable",
			"applicationName": "CTI Common Solution",
			"applicationIGARId": "9AAG026438",
			"linkedApplications": null,
			"region": "AMA",
			"country": "AE",
			"company": "AEIND",
			"normalizedCountry": "AE",
			"normalizedCompany": "AEIND",
			"organization": "N/A",
			"business": "EL",
			"businessLine": "ELSP",
			"productGroup": "N/A",
			"siteName": "N/A",
			"invoiceInformation": "FACE Operations",
			"email": null,
			"geid": null,
			"accountType": "N/A",
			"costCenter": null,
			"quantity": 17.0,
			"statutoryCharge": 242.25,
			"managementAllocation": 242.25,
			"credit": 0.0,
			"backbill": 0.0,
			"isActualLocked": true,
			"isCreditBackbillLocked": true,
			"modifiedDate": "2024-09-16T16:29:08.627+02:00"
		},
		{
			"id": 69831835,
			"reportingQuarter": "2024_Q4",
			"serviceQuarter": "2024_Q4",
			"serviceMonth": null,
			"invoiceType": "Actual",
			"serviceType": "Abacus Metrics",
			"abacusSource": "CUSTOMERS AND SUPPLIERS; SALES",
			"serviceName": "UBC_0183 - ASP: CTI OPS",
			"serviceComments": "Description :  Standard Computer Telephony Integration (CTI) (9AAG026438) acts as one common connection with Salesforce.com. CTI common solution automatically extracts information about customer and presents the information to the agent before starting the call.; Where to deactive account : Other metrics - not applicable",
			"applicationName": "CTI Common Solution",
			"applicationIGARId": "9AAG026438",
			"linkedApplications": null,
			"region": "AMA",
			"country": "AE",
			"company": "AEIND",
			"normalizedCountry": "AE",
			"normalizedCompany": "AEIND",
			"organization": "N/A",
			"business": "EL",
			"businessLine": "ELDS",
			"productGroup": "N/A",
			"siteName": "N/A",
			"invoiceInformation": "FACE Operations",
			"email": null,
			"geid": null,
			"accountType": "N/A",
			"costCenter": null,
			"quantity": 20.0,
			"statutoryCharge": 285.0,
			"managementAllocation": 285.0,
			"credit": 0.0,
			"backbill": 0.0,
			"isActualLocked": true,
			"isCreditBackbillLocked": true,
			"modifiedDate": "2024-09-16T16:29:08.627+02:00"
		},
		{
			"id": 69831836,
			"reportingQuarter": "2024_Q4",
			"serviceQuarter": "2024_Q4",
			"serviceMonth": null,
			"invoiceType": "Actual",
			"serviceType": "Abacus Metrics",
			"abacusSource": "CUSTOMERS AND SUPPLIERS; SALES",
			"serviceName": "UBC_0183 - ASP: CTI OPS",
			"serviceComments": "Description :  Standard Computer Telephony Integration (CTI) (9AAG026438) acts as one common connection with Salesforce.com. CTI common solution automatically extracts information about customer and presents the information to the agent before starting the call.; Where to deactive account : Other metrics - not applicable",
			"applicationName": "CTI Common Solution",
			"applicationIGARId": "9AAG026438",
			"linkedApplications": null,
			"region": "AMA",
			"country": "AE",
			"company": "AEIND",
			"normalizedCountry": "AE",
			"normalizedCompany": "AEIND",
			"organization": "N/A",
			"business": "MO",
			"businessLine": "MODP",
			"productGroup": "N/A",
			"siteName": "N/A",
			"invoiceInformation": "FACE Operations",
			"email": null,
			"geid": null,
			"accountType": "N/A",
			"costCenter": null,
			"quantity": 1.0,
			"statutoryCharge": 14.25,
			"managementAllocation": 14.25,
			"credit": 0.0,
			"backbill": 0.0,
			"isActualLocked": true,
			"isCreditBackbillLocked": true,
			"modifiedDate": "2024-09-16T16:29:08.627+02:00"
		},
		{
			"id": 69831837,
			"reportingQuarter": "2024_Q4",
			"serviceQuarter": "2024_Q4",
			"serviceMonth": null,
			"invoiceType": "Actual",
			"serviceType": "Abacus Metrics",
			"abacusSource": "CUSTOMERS AND SUPPLIERS; SALES",
			"serviceName": "UBC_0183 - ASP: CTI OPS",
			"serviceComments": "Description :  Standard Computer Telephony Integration (CTI) (9AAG026438) acts as one common connection with Salesforce.com. CTI common solution automatically extracts information about customer and presents the information to the agent before starting the call.; Where to deactive account : Other metrics - not applicable",
			"applicationName": "CTI Common Solution",
			"applicationIGARId": "9AAG026438",
			"linkedApplications": null,
			"region": "AMA",
			"country": "AE",
			"company": "AEIND",
			"normalizedCountry": "AE",
			"normalizedCompany": "AEIND",
			"organization": "N/A",
			"business": "MO",
			"businessLine": "MOSD",
			"productGroup": "N/A",
			"siteName": "N/A",
			"invoiceInformation": "FACE Operations",
			"email": null,
			"geid": null,
			"accountType": "N/A",
			"costCenter": null,
			"quantity": 7.0,
			"statutoryCharge": 99.75,
			"managementAllocation": 99.75,
			"credit": 0.0,
			"backbill": 0.0,
			"isActualLocked": true,
			"isCreditBackbillLocked": true,
			"modifiedDate": "2024-09-16T16:29:08.627+02:00"
		},
		{
			"id": 69831838,
			"reportingQuarter": "2024_Q4",
			"serviceQuarter": "2024_Q4",
			"serviceMonth": null,
			"invoiceType": "Actual",
			"serviceType": "Abacus Metrics",
			"abacusSource": "CUSTOMERS AND SUPPLIERS; SALES",
			"serviceName": "UBC_0183 - ASP: CTI OPS",
			"serviceComments": "Description :  Standard Computer Telephony Integration (CTI) (9AAG026438) acts as one common connection with Salesforce.com. CTI common solution automatically extracts information about customer and presents the information to the agent before starting the call.; Where to deactive account : Other metrics - not applicable",
			"applicationName": "CTI Common Solution",
			"applicationIGARId": "9AAG026438",
			"linkedApplications": null,
			"region": "AMA",
			"country": "AE",
			"company": "AEIND",
			"normalizedCountry": "AE",
			"normalizedCompany": "AEIND",
			"organization": "N/A",
			"business": "MO",
			"businessLine": "MODP",
			"productGroup": "N/A",
			"siteName": "N/A",
			"invoiceInformation": "FACE Operations",
			"email": null,
			"geid": null,
			"accountType": "N/A",
			"costCenter": null,
			"quantity": 3.0,
			"statutoryCharge": 42.75,
			"managementAllocation": 42.75,
			"credit": 0.0,
			"backbill": 0.0,
			"isActualLocked": true,
			"isCreditBackbillLocked": true,
			"modifiedDate": "2024-09-16T16:29:08.627+02:00"
		},
		{
			"id": 69831839,
			"reportingQuarter": "2024_Q4",
			"serviceQuarter": "2024_Q4",
			"serviceMonth": null,
			"invoiceType": "Actual",
			"serviceType": "Abacus Metrics",
			"abacusSource": "CUSTOMERS AND SUPPLIERS; SALES",
			"serviceName": "UBC_0183 - ASP: CTI OPS",
			"serviceComments": "Description :  Standard Computer Telephony Integration (CTI) (9AAG026438) acts as one common connection with Salesforce.com. CTI common solution automatically extracts information about customer and presents the information to the agent before starting the call.; Where to deactive account : Other metrics - not applicable",
			"applicationName": "CTI Common Solution",
			"applicationIGARId": "9AAG026438",
			"linkedApplications": null,
			"region": "AMA",
			"country": "AE",
			"company": "AEIND",
			"normalizedCountry": "AE",
			"normalizedCompany": "AEIND",
			"organization": "N/A",
			"business": "EL",
			"businessLine": "ELBA",
			"productGroup": "N/A",
			"siteName": "N/A",
			"invoiceInformation": "FACE Operations",
			"email": null,
			"geid": null,
			"accountType": "N/A",
			"costCenter": null,
			"quantity": 40.0,
			"statutoryCharge": 570.0,
			"managementAllocation": 570.0,
			"credit": 0.0,
			"backbill": 0.0,
			"isActualLocked": true,
			"isCreditBackbillLocked": true,
			"modifiedDate": "2024-09-16T16:29:08.627+02:00"
		},
		{
			"id": 69831840,
			"reportingQuarter": "2024_Q4",
			"serviceQuarter": "2024_Q4",
			"serviceMonth": null,
			"invoiceType": "Actual",
			"serviceType": "Abacus Metrics",
			"abacusSource": "CUSTOMERS AND SUPPLIERS; SALES",
			"serviceName": "UBC_0183 - ASP: CTI OPS",
			"serviceComments": "Description :  Standard Computer Telephony Integration (CTI) (9AAG026438) acts as one common connection with Salesforce.com. CTI common solution automatically extracts information about customer and presents the information to the agent before starting the call.; Where to deactive account : Other metrics - not applicable",
			"applicationName": "CTI Common Solution",
			"applicationIGARId": "9AAG026438",
			"linkedApplications": null,
			"region": "AMA",
			"country": "AE",
			"company": "AEIND",
			"normalizedCountry": "AE",
			"normalizedCompany": "AEIND",
			"organization": "N/A",
			"business": "EL",
			"businessLine": "ELIP",
			"productGroup": "N/A",
			"siteName": "N/A",
			"invoiceInformation": "FACE Operations",
			"email": null,
			"geid": null,
			"accountType": "N/A",
			"costCenter": null,
			"quantity": 4.0,
			"statutoryCharge": 57.0,
			"managementAllocation": 57.0,
			"credit": 0.0,
			"backbill": 0.0,
			"isActualLocked": true,
			"isCreditBackbillLocked": true,
			"modifiedDate": "2024-09-16T16:29:08.627+02:00"
		},
		{
			"id": 69831841,
			"reportingQuarter": "2024_Q4",
			"serviceQuarter": "2024_Q4",
			"serviceMonth": null,
			"invoiceType": "Actual",
			"serviceType": "Abacus Metrics",
			"abacusSource": "CUSTOMERS AND SUPPLIERS; SALES",
			"serviceName": "UBC_0183 - ASP: CTI OPS",
			"serviceComments": "Description :  Standard Computer Telephony Integration (CTI) (9AAG026438) acts as one common connection with Salesforce.com. CTI common solution automatically extracts information about customer and presents the information to the agent before starting the call.; Where to deactive account : Other metrics - not applicable",
			"applicationName": "CTI Common Solution",
			"applicationIGARId": "9AAG026438",
			"linkedApplications": null,
			"region": "AMA",
			"country": "AE",
			"company": "AEIND",
			"normalizedCountry": "AE",
			"normalizedCompany": "AEIND",
			"organization": "N/A",
			"business": "EL",
			"businessLine": "ELSB",
			"productGroup": "N/A",
			"siteName": "N/A",
			"invoiceInformation": "FACE Operations",
			"email": null,
			"geid": null,
			"accountType": "N/A",
			"costCenter": null,
			"quantity": 15.0,
			"statutoryCharge": 213.75,
			"managementAllocation": 213.75,
			"credit": 0.0,
			"backbill": 0.0,
			"isActualLocked": true,
			"isCreditBackbillLocked": true,
			"modifiedDate": "2024-09-16T16:29:08.627+02:00"
		},
		{
			"id": 69831842,
			"reportingQuarter": "2024_Q4",
			"serviceQuarter": "2024_Q4",
			"serviceMonth": null,
			"invoiceType": "Actual",
			"serviceType": "Abacus Metrics",
			"abacusSource": "CUSTOMERS AND SUPPLIERS; SALES",
			"serviceName": "UBC_0183 - ASP: CTI OPS",
			"serviceComments": "Description :  Standard Computer Telephony Integration (CTI) (9AAG026438) acts as one common connection with Salesforce.com. CTI common solution automatically extracts information about customer and presents the information to the agent before starting the call.; Where to deactive account : Other metrics - not applicable",
			"applicationName": "CTI Common Solution",
			"applicationIGARId": "9AAG026438",
			"linkedApplications": null,
			"region": "AMA",
			"country": "AE",
			"company": "AEIND",
			"normalizedCountry": "AE",
			"normalizedCompany": "AEIND",
			"organization": "N/A",
			"business": "MO",
			"businessLine": "MOSE",
			"productGroup": "N/A",
			"siteName": "N/A",
			"invoiceInformation": "FACE Operations",
			"email": null,
			"geid": null,
			"accountType": "N/A",
			"costCenter": null,
			"quantity": 8.0,
			"statutoryCharge": 114.0,
			"managementAllocation": 114.0,
			"credit": 0.0,
			"backbill": 0.0,
			"isActualLocked": true,
			"isCreditBackbillLocked": true,
			"modifiedDate": "2024-09-16T16:29:08.627+02:00"
		},
		{
			"id": 69831843,
			"reportingQuarter": "2024_Q4",
			"serviceQuarter": "2024_Q4",
			"serviceMonth": null,
			"invoiceType": "Actual",
			"serviceType": "Abacus Metrics",
			"abacusSource": "CUSTOMERS AND SUPPLIERS; SALES",
			"serviceName": "UBC_0183 - ASP: CTI OPS",
			"serviceComments": "Description :  Standard Computer Telephony Integration (CTI) (9AAG026438) acts as one common connection with Salesforce.com. CTI common solution automatically extracts information about customer and presents the information to the agent before starting the call.; Where to deactive account : Other metrics - not applicable",
			"applicationName": "CTI Common Solution",
			"applicationIGARId": "9AAG026438",
			"linkedApplications": null,
			"region": "AMA",
			"country": "AE",
			"company": "AEIND",
			"normalizedCountry": "AE",
			"normalizedCompany": "AEIND",
			"organization": "N/A",
			"business": "MO",
			"businessLine": "MOIM",
			"productGroup": "N/A",
			"siteName": "N/A",
			"invoiceInformation": "FACE Operations",
			"email": null,
			"geid": null,
			"accountType": "N/A",
			"costCenter": null,
			"quantity": 1.0,
			"statutoryCharge": 14.25,
			"managementAllocation": 14.25,
			"credit": 0.0,
			"backbill": 0.0,
			"isActualLocked": true,
			"isCreditBackbillLocked": true,
			"modifiedDate": "2024-09-16T16:29:08.627+02:00"
		},
		{
			"id": 69831844,
			"reportingQuarter": "2024_Q4",
			"serviceQuarter": "2024_Q4",
			"serviceMonth": null,
			"invoiceType": "Actual",
			"serviceType": "Abacus Metrics",
			"abacusSource": "CUSTOMERS AND SUPPLIERS; SALES",
			"serviceName": "UBC_0112 - ASP: CTI PRJ",
			"serviceComments": "Description :  Development/enhancements to Computer Telephony Integration (CTI) (9AAG026438) which acts as one common connection with Salesforce.com. CTI common solution automatically extracts information about customer and presents the information to the agent before starting the call. ; Where to deactive account : Other metrics - not applicable",
			"applicationName": "CTI Common Solution",
			"applicationIGARId": "9AAG026438",
			"linkedApplications": null,
			"region": "AMA",
			"country": "AE",
			"company": "AEIND",
			"normalizedCountry": "AE",
			"normalizedCompany": "AEIND",
			"organization": "N/A",
			"business": "MO",
			"businessLine": "MOSD",
			"productGroup": "N/A",
			"siteName": "N/A",
			"invoiceInformation": "FACE Development/Enhancement",
			"email": null,
			"geid": null,
			"accountType": "N/A",
			"costCenter": null,
			"quantity": 1.0,
			"statutoryCharge": 1.5,
			"managementAllocation": 1.5,
			"credit": 0.0,
			"backbill": 0.0,
			"isActualLocked": true,
			"isCreditBackbillLocked": true,
			"modifiedDate": "2024-09-16T16:29:08.627+02:00"
		},
		{
			"id": 69831845,
			"reportingQuarter": "2024_Q4",
			"serviceQuarter": "2024_Q4",
			"serviceMonth": null,
			"invoiceType": "Actual",
			"serviceType": "Abacus Metrics",
			"abacusSource": "CUSTOMERS AND SUPPLIERS; SALES",
			"serviceName": "UBC_0112 - ASP: CTI PRJ",
			"serviceComments": "Description :  Development/enhancements to Computer Telephony Integration (CTI) (9AAG026438) which acts as one common connection with Salesforce.com. CTI common solution automatically extracts information about customer and presents the information to the agent before starting the call. ; Where to deactive account : Other metrics - not applicable",
			"applicationName": "CTI Common Solution",
			"applicationIGARId": "9AAG026438",
			"linkedApplications": null,
			"region": "AMA",
			"country": "AE",
			"company": "AEIND",
			"normalizedCountry": "AE",
			"normalizedCompany": "AEIND",
			"organization": "N/A",
			"business": "MO",
			"businessLine": "MODP",
			"productGroup": "N/A",
			"siteName": "N/A",
			"invoiceInformation": "FACE Development/Enhancement",
			"email": null,
			"geid": null,
			"accountType": "N/A",
			"costCenter": null,
			"quantity": 1.0,
			"statutoryCharge": 1.5,
			"managementAllocation": 1.5,
			"credit": 0.0,
			"backbill": 0.0,
			"isActualLocked": true,
			"isCreditBackbillLocked": true,
			"modifiedDate": "2024-09-16T16:29:08.627+02:00"
		},
		{
			"id": 69831846,
			"reportingQuarter": "2024_Q4",
			"serviceQuarter": "2024_Q4",
			"serviceMonth": null,
			"invoiceType": "Actual",
			"serviceType": "Abacus Metrics",
			"abacusSource": "CUSTOMERS AND SUPPLIERS; SALES",
			"serviceName": "UBC_0112 - ASP: CTI PRJ",
			"serviceComments": "Description :  Development/enhancements to Computer Telephony Integration (CTI) (9AAG026438) which acts as one common connection with Salesforce.com. CTI common solution automatically extracts information about customer and presents the information to the agent before starting the call. ; Where to deactive account : Other metrics - not applicable",
			"applicationName": "CTI Common Solution",
			"applicationIGARId": "9AAG026438",
			"linkedApplications": null,
			"region": "AMA",
			"country": "AE",
			"company": "AEIND",
			"normalizedCountry": "AE",
			"normalizedCompany": "AEIND",
			"organization": "N/A",
			"business": "EL",
			"businessLine": "ELBA",
			"productGroup": "N/A",
			"siteName": "N/A",
			"invoiceInformation": "FACE Development/Enhancement",
			"email": null,
			"geid": null,
			"accountType": "N/A",
			"costCenter": null,
			"quantity": 14.0,
			"statutoryCharge": 21.0,
			"managementAllocation": 21.0,
			"credit": 0.0,
			"backbill": 0.0,
			"isActualLocked": true,
			"isCreditBackbillLocked": true,
			"modifiedDate": "2024-09-16T16:29:08.627+02:00"
		}
	]
}